era,n,interaction_F,interaction_df_num,interaction_df_denom,interaction_p,singular,other_benefit_pct,oncology_benefit_pct,benefit_difference,significant,interpretation
Pre-PDUFA,207,2.02787694091524,1,203,0.15597152226983865,FALSE,5.559332881807084,11.766875077334245,6.207542195527161,FALSE,Non-significant (p=0.1560)
Early-PDUFA,336,0.00302773244332638,1,332,0.9561517756982136,FALSE,10.7259406515763,10.66799319959322,-0.05794745198308071,FALSE,Non-significant (p=0.9562)
Mid-PDUFA,181,0.0332216472870347,1,177,0.8555809436289536,FALSE,9.555837381758977,10.915937213446586,1.3600998316876094,FALSE,Non-significant (p=0.8556)
Post-FDASIA,314,1.991363084972797,1,310,0.15920122196835684,FALSE,7.451984113373583,10.121172628622146,2.669188515248563,FALSE,Non-significant (p=0.1592)
