program,oncology_pct,other_pct,ratio,diff
Accelerated Approval,30.434782608695656,6.2246278755074425,4.889413988657846,24.21015473318821
Fast Track,34.78260869565217,16.102841677943168,2.1600292290829373,18.679767017709004
Orphan Drug,56.85618729096989,36.265223274695536,1.5677881495532369,20.590964016274356
