effect,f_original,f_sensitivity,p_original,p_sensitivity,f_diff,f_pct_change,original_sig,sensitivity_sig,consistent
Therapeutic Area,18.699578594140437,1.8273712384073213,1.678619491737017e-5,0.1766685476070786,-16.872207355733117,-90.22774107337406,TRUE,FALSE,FALSE
Review Type,77.5170283166122,230.22694504785366,5.46520280687368e-18,4.4705750021516563e-48,152.70991673124146,197.00176857594417,TRUE,TRUE,TRUE
Interaction,2.433274055822597,2.934354379281297,0.11909145834880804,0.08694673350401848,0.5010803234586998,20.592843714404527,FALSE,FALSE,TRUE
Regulatory Era,88.63698653316193,108.25331368507536,4.966763501958192e-51,1.056863634965253e-62,19.616327151913424,22.131085361949133,TRUE,TRUE,TRUE
