Effect,Main_F,Main_p,HighConf_F,HighConf_p,F_diff,p_diff,Main_sig,HighConf_sig,Consistent
Therapeutic Area,18.699578594140437,1.678619491737017e-5,0.8270895286176677,0.363451017040305,-17.87248906552277,0.3634342308453877,TRUE,FALSE,FALSE
Review Type,77.5170283166122,5.46520280687368e-18,108.53179370755177,1.2926755869358966e-23,31.014765390939573,-5.465189880117811e-18,TRUE,TRUE,TRUE
Interaction,2.433274055822597,0.11909145834880804,2.220400860835248,0.1366805320991433,-0.21287319498734902,0.017589073750335263,FALSE,FALSE,TRUE
Regulatory Era,88.63698653316193,4.966763501958192e-51,71.44177742425634,8.745442554086533e-29,-17.195209108905587,8.745442554086533e-29,TRUE,TRUE,TRUE
